chapter,section,subsection,label,caption,language,lines,refs,has_imports,category,layer,prereq,run_entry,disposition
ch03,模块化与依赖,接口封装的实践方法,lst:ch03-java-interface,监测数据提供接口,Java,3,1,0,原理实验,C,,,
ch03,模块化与依赖,接口封装的实践方法,lst:ch03-monitoring-dto,监测数据传输对象,Java,6,1,1,原理实验,C,,,
ch03,模块化与依赖,接口封装的实践方法,lst:ch03-record-port,监测记录持久化端口,Java,5,1,1,原理实验,C,,,
ch03,模块化与依赖,接口封装的实践方法,lst:ch03-usecase-service,测值接收用例服务,Java,14,1,1,原理实验,C,,,
ch03,模块化与依赖,接口封装的实践方法,lst:ch03-controller,监测数据查询控制器,Java,14,1,1,原理实验,C,,,
ch03,模块化与依赖,接口封装的实践方法,lst:ch03-anomaly-event,异常分析事件契约,Java,6,1,1,原理实验,C,,,
ch04,HTML基础与语义化,,lst:ch04-html-shell,水利平台页面骨架,html,18,0,0,原理实验,C,,,
ch04,HTML基础与语义化,文档流、渲染流程与页面地标,lst:ch04-a41-landmarks,带地标和跳转链接的监测页面骨架,html,40,3,0,原理实验,C,,,
ch04,HTML基础与语义化,文档流、渲染流程与页面地标,lst:ch04-a41-form,监测查询表单的原生校验与可访问提示,html,20,1,0,原理实验,C,,,
ch04,HTML基础与语义化,文档流、渲染流程与页面地标,lst:ch04-a41-focus,监测详情对话框的焦点管理,JavaScript,27,1,0,原理实验,C,,,
ch04,CSS样式与响应式布局,,lst:ch04-css-responsive,监测卡片响应式样式,CSS,16,0,0,原理实验,C,,,
ch04,CSS样式与响应式布局,盒模型与尺寸计算,lst:ch04-css-box-sizing,监测卡片的 border-box 盒模型,CSS,16,1,0,原理实验,C,,,
ch04,CSS样式与响应式布局,盒模型与尺寸计算,lst:ch04-css-cascade,主题变量与状态层叠规则,CSS,19,1,0,原理实验,C,,,
ch04,CSS样式与响应式布局,单位体系与可伸缩界面,lst:ch04-css-units,监测面板的 CSS 单位策略,CSS,17,1,0,原理实验,C,,,
ch04,CSS样式与响应式布局,定位、层叠上下文与覆盖关系,lst:ch04-css-position,监测工具条与预警浮层的定位,CSS,24,1,0,连续案例,E,,,
ch04,CSS样式与响应式布局,Flexbox：一维的告警工具栏,lst:ch04-a43-flex-toolbar,告警工具栏 Flex 完整实例,html,49,1,0,连续案例,G,,,
ch04,CSS样式与响应式布局,Grid：二维的监测仪表盘,lst:ch04-a43-grid-dashboard,监测仪表盘 Grid 完整实例,html,56,1,0,原理实验,G,,,
ch04,CSS样式与响应式布局,响应式断点与大屏适配,lst:ch04-a43-breakpoints,移动优先与 1920/2560/3840 大屏断点,CSS,26,1,0,原理实验,G,,,
ch04,CSS样式与响应式布局,CSS 变量与暗色主题,lst:ch04-a43-dark-theme,监测页面的明暗主题与高对比度,CSS,33,1,0,原理实验,E,,,
ch04,CSS样式与响应式布局,Flex布局的故障定位与可访问性验收,lst:ch04-a49-flex-debug,可诊断的告警摘要 Flex 样式,CSS,39,1,0,连续案例,G,,,
ch04,JavaScript基础编程,,lst:ch04-js-basics,JavaScript基础变量与函数,JavaScript,6,0,0,原理实验,C,,,
ch04,JavaScript基础编程,,lst:ch04-js-condition,监测值条件判断,JavaScript,12,0,0,原理实验,C,,,
ch04,JavaScript基础编程,类型、相等性与可预测数据,lst:ch04-a44-types,监测读数的类型守卫与严格比较,JavaScript,13,1,0,原理实验,C,,,
ch04,JavaScript基础编程,函数、闭包与数组高阶方法,lst:ch04-a44-closures,闭包与数组高阶方法,JavaScript,21,1,0,原理实验,C,,,
ch04,JavaScript基础编程,解构、展开与 ES 模块,lst:ch04-a44-modules,ES 模块、解构与展开,JavaScript,14,1,1,原理实验,C,,,
ch04,JavaScript基础编程,DOM 查询、增删改与安全写入,lst:ch04-a44-dom,安全创建和更新测站 DOM,JavaScript,16,1,0,连续案例,C,,,
ch04,JavaScript基础编程,事件委托与长列表,lst:ch04-a44-events,测站列表的事件委托与 preventDefault,JavaScript,20,1,0,连续案例,G,,,
ch04,JavaScript基础编程,事件委托与长列表,lst:ch04-a44-virtual-list,长测站列表的可视窗口渲染思路,JavaScript,29,1,0,连续案例,G,,,
ch04,JavaScript基础编程,异常处理,lst:ch04-js-array,监测报文解析的分类异常处理,JavaScript,17,0,0,原理实验,C,,,
ch04,JavaScript基础编程,收束练习：一个最小的输入校验页面,lst:ch04-html-vue,测站输入 HTML 片段,html,4,0,0,连续案例,C,,,
ch04,JavaScript基础编程,收束练习：一个最小的输入校验页面,lst:ch04-a44-dom-script,测站输入 JavaScript 片段,JavaScript,12,1,0,连续案例,C,,,
ch04,数据请求与页面状态,原理：一次请求从发出到页面更新,lst:ch04-a45-promise,Promise 状态一经落定不可再变,JavaScript,15,1,0,原理实验,C,,,
ch04,数据请求与页面状态,原理：一次请求从发出到页面更新,lst:ch04-js-fetch,then 链写法：读取一个对象的最新观测,JavaScript,11,1,0,连续案例,C,,,
ch04,数据请求与页面状态,原理：一次请求从发出到页面更新,lst:ch04-js-debug,async/await 写法：并发读取最新观测与该对象的预警,JavaScript,14,1,0,连续案例,C,,,
ch04,数据请求与页面状态,完整例子：读取对象列表与最新观测,lst:ch04-r1-load,detail.js：登录、对象列表与最新观测（S2 阶段起点）,JavaScript,43,6,0,连续案例,C,,,
ch04,数据请求与页面状态,页面的四种状态：加载、空数据、错误与过期,lst:ch04-r1-state,state.js：页面状态模型与渲染,JavaScript,29,2,0,原理实验,C,,,
ch04,数据请求与页面状态,故障单元：切换测点时旧数据覆盖新数据,lst:ch04-r1-race,controller.js：取消旧请求并丢弃迟到响应,JavaScript,31,3,1,原理实验,C,,,
ch04,数据请求与页面状态,request.js：JWT、401 与超时的统一入口,lst:ch04-a45-request,request.js：令牌注入、401 跳转与超时,JavaScript,47,4,0,原理实验,G,,,
ch04,数据请求与页面状态,Vite 代理与环境变量,lst:ch04-a45-vite,Vite 5 的 server.proxy 与 import.meta.env,JavaScript,21,1,1,原理实验,G,,,
ch04,数据请求与页面状态,登录到受保护接口的前后端联调闭环,lst:ch04-a49-auth-client,前端登录与受保护请求的联调客户端,JavaScript,37,1,1,连续案例,G,,,
ch04,数据请求与页面状态,拓展：事件循环与任务调度,lst:ch04-a45-event-loop,事件循环中的同步、微任务与宏任务,JavaScript,8,1,0,原理实验,E,,,
ch04,Vue 3组件化开发,,lst:ch04-vue-component,测站卡片组合式组件,Vue,19,0,1,连续案例,C,,,
ch04,Vue 3组件化开发,Vue 3.4 组合式 API 与响应式状态,lst:ch04-a46-reactivity,Vue 3 响应式 API 与监听器,Vue,17,1,1,原理实验,C,,,
ch04,Vue 3组件化开发,模板指令与组件通信,lst:ch04-a46-directives,Vue 模板指令与稳定 key,Vue,20,1,0,原理实验,C,,,
ch04,Vue 3组件化开发,模板指令与组件通信,lst:ch04-a46-communication,Vue props、emit、slot 与 provide/inject,Vue,23,1,1,原理实验,C,,,
ch04,Vue 3组件化开发,生命周期与资源清理,lst:ch04-a46-lifecycle,onMounted 与 onUnmounted 的清理模式,Vue,23,1,1,原理实验,G,,,
ch04,Vue 3组件化开发,测站列表筛选页：从 SFC 到组件拆分,lst:ch04-a46-station-row,测站列表行组件 AssetRow.vue,Vue,17,1,0,连续案例,G,,,
ch04,Vue 3组件化开发,测站列表筛选页：从 SFC 到组件拆分,lst:ch04-a46-station-filter,测站列表筛选页 AssetFilterPage.vue,Vue,42,1,1,连续案例,G,,,
ch04,Vue Router与Pinia应用组织,根组件、路由表与登录守卫,lst:ch04-a47-app-shell,App.vue 根组件与 router-view,Vue,16,1,1,原理实验,G,,,
ch04,Vue Router与Pinia应用组织,根组件、路由表与登录守卫,lst:ch04-js-router,路由表、登录守卫与重定向,JavaScript,27,1,1,连续案例,G,,,
ch04,Vue Router与Pinia应用组织,根组件、路由表与登录守卫,lst:ch04-a47-navigation,useRouter、useRoute 与编程式导航,Vue,21,0,1,原理实验,G,,,
ch04,Vue Router与Pinia应用组织,根组件、路由表与登录守卫,lst:ch04-a47-login,登录成功后的安全回跳,Vue,37,0,1,连续案例,G,,,
ch04,Vue Router与Pinia应用组织,根组件、路由表与登录守卫,lst:ch04-js-pinia,Pinia测站状态管理,JavaScript,25,0,1,连续案例,G,,,
ch04,Vue Router与Pinia应用组织,根组件、路由表与登录守卫,lst:ch04-a47-store-usage,组件内使用 Pinia 与 storeToRefs,Vue,17,1,1,原理实验,G,,,
ch04,Vue Router与Pinia应用组织,AssetDetail 的动态参数与数据加载,lst:ch04-a47-station-detail,AssetDetail.vue 接收动态路由参数,Vue,21,0,1,连续案例,G,,,
ch04,Vue Router与Pinia应用组织,AssetDetail 的动态参数与数据加载,lst:ch04-a47-setup-store,Pinia setup 式 store 对照,JavaScript,27,0,1,原理实验,G,,,
ch04,Vue Router与Pinia应用组织,Pinia 状态建模、错误恢复与持久化边界,lst:ch04-js-event,应用入口：注册 Pinia 与路由,JavaScript,6,0,1,原理实验,G,,,
ch04,调试、构建与阶段验收,模块化开发与调试技巧,lst:ch04-js-lifecycle,ES 模块的导出与导入,JavaScript,8,0,1,原理实验,G,,,
ch04,调试、构建与阶段验收,Vite 工程化与性能优化,lst:ch04-a48-vite-config,Vite 5 路径别名与 manualChunks 分包,JavaScript,28,1,1,原理实验,E,,,
ch04,调试、构建与阶段验收,Vite 工程化与性能优化,lst:ch04-a48-env,Vite 多环境变量与 API 客户端,JavaScript,18,0,0,原理实验,E,,,
ch04,调试、构建与阶段验收,Vite 工程化与性能优化,lst:ch04-js-http,生产构建、体积分析与部署前检查,JavaScript,18,0,1,原理实验,E,,,
ch04,调试、构建与阶段验收,Vite 工程化与性能优化,lst:ch04-a48-deploy,Vite 产物与 Docker Compose 部署契约,bash,8,0,0,工程支撑,E,,,
ch05,后端服务与REST接口概述,,lst:ch05-rest-layer,分层 REST 查询：DTO、服务与仓储接口,Java,25,1,0,原理实验,C,,,
ch05,后端服务与REST接口概述,,lst:ch05-rest-write,监测值写入：POST、校验与201 Location,Java,26,0,0,原理实验,C,,,
ch05,第一个 HTTP 接口：从固定数据到契约,返回固定数据的接口,lst:ch05-first-controller,AssetController：返回写死的对象列表,Java,25,3,1,连续案例,C,,,
ch05,第一个 HTTP 接口：从固定数据到契约,路径参数、查询参数与错误体,lst:ch05-first-params,路径参数、查询参数与契约错误体,Java,43,1,1,原理实验,C,,,
ch05,Spring Boot企业级开发基础,起步依赖与自动配置的边界,lst:ch05-boot-dependencies,Spring Boot 3.2 起步依赖与版本管理,XML,27,1,0,工程支撑,C,,,
ch05,Spring Boot企业级开发基础,application.yml 与 Profile 多环境,lst:ch05-profile-config,多环境配置与外部化密钥,YAML,31,1,0,工程支撑,G,,,
ch05,Spring Boot企业级开发基础,依赖注入与 Bean 生命周期,lst:ch05-di-lifecycle,构造器注入与 Bean 生命周期,Java,31,1,0,原理实验,C,,,
ch05,Spring Boot企业级开发基础,自动配置诊断与启动契约,lst:ch05-config-validation,配置属性注册与启动校验,Java,11,1,0,原理实验,G,,,
ch05,Spring Boot企业级开发基础,工程骨架的测试切片,lst:ch05-http,按职责分层的工程目录,bash,7,0,0,工程支撑,G,,,
ch05,Spring Boot企业级开发基础,工程骨架的测试切片,lst:ch05-application,Spring Boot应用入口与JWT配置,YAML,9,0,0,工程支撑,G,,,
ch05,Spring Boot企业级开发基础,工程骨架的测试切片,lst:ch05-query-controller,查询接口控制器,Java,14,0,0,原理实验,G,,,
ch05,Jakarta Persistence与事务管理,实体映射与Repository基础,lst:ch05-jpa-entity,Jakarta实体映射,Java,76,1,1,原理实验,C,,,
ch05,Jakarta Persistence与事务管理,关联关系与懒加载边界,lst:ch05-jpa-association,测站与读数的懒加载关联,Java,41,1,1,连续案例,G,,,
ch05,Jakarta Persistence与事务管理,N+1 查询与 fetch join,lst:ch05-fetch-join,用 fetch join 消除列表接口的 N+1,Java,20,1,1,原理实验,E,,,
ch05,Jakarta Persistence与事务管理,派生查询、Pageable 与稳定分页,lst:ch05-pageable-repository,Pageable 分页查询与服务层上限,Java,28,1,1,原理实验,G,,,
ch05,Jakarta Persistence与事务管理,乐观锁与审计字段,lst:ch05-version-audit,乐观锁与审计字段映射,Java,35,1,1,原理实验,G,,,
ch05,Jakarta Persistence与事务管理,索引设计与 PostgreSQL 迁移,lst:ch05-index-migration,PostgreSQL 索引与扩展迁移,SQL,19,1,0,原理实验,G,,,
ch05,Jakarta Persistence与事务管理,事务边界与传播,lst:ch05-repository,事务代理、审计传播与提交后事件,Java,42,2,1,原理实验,C,,,
ch05,Jakarta Persistence与事务管理,七种传播行为与使用场景,lst:ch05-propagation-service,事务传播行为的服务边界示例,Java,32,1,1,原理实验,E,,,
ch05,Jakarta Persistence与事务管理,隔离级别与并发异常,lst:ch05-isolation-test,隔离级别与乐观锁的集成测试思路,Java,34,1,1,原理实验,E,,,
ch05,Jakarta Persistence与事务管理,只读事务与事件发布闭环,lst:ch05-read-only,只读查询与提交后事件的完整调用,Java,29,1,1,原理实验,G,,,
ch05,Jakarta Persistence与事务管理,统计量更新,lst:ch05-tx-service,增量统计的数值稳定实现,Java,13,0,0,原理实验,E,,,
ch05,服务层与异常处理,,lst:ch05-exception-handler,参数校验异常处理,Java,25,0,0,原理实验,C,,,
ch05,服务层与异常处理,读写接口的完整闭环,lst:ch05-crud-controller,监测读数 GET/POST/PUT/DELETE 控制器,Java,42,1,0,原理实验,C,,,
ch05,服务层与异常处理,读写接口的完整闭环,lst:ch05-dto-mapper,DTO 与实体的双向映射,Java,25,1,0,原理实验,C,,,
ch05,服务层与异常处理,读写接口的完整闭环,lst:ch05-command-service,应用服务中的写入、更新与删除规则,Java,36,0,0,原理实验,C,,,
ch05,服务层与异常处理,统一错误响应与参数校验,lst:ch05-problem-advice,RestControllerAdvice 统一错误响应,Java,28,1,0,原理实验,G,,,
ch05,Spring Security 6与JWT,,lst:ch05-security-chain,Spring Security过滤链,Java,34,0,1,原理实验,G,,,
ch05,Spring Security 6与JWT,,lst:ch05-jwt-filter,JWT认证过滤器,Java,52,0,1,连续案例,G,,,
ch05,Spring Security 6与JWT,,lst:ch05-jwt-parse,jjwt 0.11.x 签名验证与访问令牌解析,Java,49,0,1,连续案例,G,,,
ch05,Spring Security 6与JWT,,lst:ch05-jwt-issue,jjwt 0.11.x 签发访问与刷新令牌,Java,35,1,1,连续案例,G,,,
ch05,Spring Security 6与JWT,,lst:ch05-login,登录端点、密码校验与令牌签发,Java,36,0,1,连续案例,G,,,
ch05,Spring Security 6与JWT,,lst:ch05-jwt-refresh,刷新令牌的签名、类型和轮换检查,Java,32,0,1,原理实验,G,,,
ch05,Spring Security 6与JWT,,lst:ch05-revocation,基于 jti 与版本号的令牌撤销,Java,28,1,1,原理实验,G,,,
ch05,Spring Security 6与JWT,,lst:ch05-method-security,方法级权限与跨域策略,Java,30,0,1,原理实验,G,,,
ch05,事务事件与消息队列,,lst:ch05-cache-service,事务提交后的指标事件监听,Java,21,0,1,原理实验,G,,,
ch05,事务事件与消息队列,,lst:ch05-metrics,Kafka 消息监听与告警评估,Java,18,0,0,连续案例,G,,,
ch05,事务事件与消息队列,为什么引入消息队列,lst:ch05-kafka-config,Spring Kafka 生产与消费配置,YAML,21,1,0,工程支撑,C,,,
ch05,事务事件与消息队列,生产者、事件模式与发送确认,lst:ch05-kafka-producer,KafkaTemplate 生产者与发送回调,Java,33,1,1,原理实验,G,,,
ch05,事务事件与消息队列,消费者幂等与去重约束,lst:ch05-kafka-idempotency,事件去重表与消费者事务,Java,45,1,1,原理实验,G,,,
ch05,事务事件与消息队列,重试、退避与死信队列,lst:ch05-kafka-retry,DefaultErrorHandler 与死信发布,Java,27,1,1,原理实验,G,,,
ch05,事务事件与消息队列,事务发件箱与可靠发布,lst:ch05-outbox,事务发件箱写入与发布任务,Java,53,0,1,原理实验,G,,,
ch05,测试策略与质量门禁,,lst:ch05-unit-service-test,服务层单元测试：质量码与幂等决策,Java,47,1,1,原理实验,G,,,
ch05,测试策略与质量门禁,,lst:ch05-mockmvc-test,MockMvc 接口测试：四种基础场景,Java,56,1,1,原理实验,G,,,
ch05,测试策略与质量门禁,,lst:ch05-testcontainers,Testcontainers：隔离 PostgreSQL 集成环境,Java,40,1,1,原理实验,G,,,
ch06,WebGL2与Three.js三维渲染基础,从一个几何体开始：场景、相机、渲染器与循环,lst:ch06-first-scene,first-scene.js：一个代表坝体的长方体与渲染循环,JavaScript,41,1,1,原理实验,C,,,
ch06,WebGL2与Three.js三维渲染基础,WebGL2渲染管线,lst:ch06-webgl2-context,WebGL2 上下文初始化与能力检测,JavaScript,8,0,0,原理实验,E,,,
ch06,WebGL2与Three.js三维渲染基础,WebGL2渲染管线,lst:ch06-glsl-vertex,GLSL 顶点着色器：模型—视图—投影变换,GLSL,10,0,0,原理实验,E,,,
ch06,WebGL2与Three.js三维渲染基础,WebGL2渲染管线,lst:ch06-three-minimal,Three.js r160+最小可运行渲染骨架,JavaScript,33,1,1,原理实验,E,,,
ch06,WebGL2与Three.js三维渲染基础,WebGL2渲染管线,lst:ch06-color-space,Three.js色彩空间与纹理颜色标注,JavaScript,13,0,1,原理实验,E,,,
ch06,WebGL2与Three.js三维渲染基础,WebGL2渲染管线,lst:ch06-webgl-capabilities,WebGL能力探测与兼容性记录,JavaScript,16,1,0,原理实验,E,,,
ch06,WebGL2与Three.js三维渲染基础,WebGL2渲染管线,lst:ch06-addon-import,Three.js addon路径与构建环境对应,JavaScript,7,1,1,原理实验,E,,,
ch06,WebGL2与Three.js三维渲染基础,WebGL2渲染管线,lst:ch06-instancing-lod,实例化测点与距离驱动的LOD选择,JavaScript,17,1,0,连续案例,E,,,
ch06,WebGL2与Three.js三维渲染基础,Three.js场景组织与模型加载,lst:ch06-gltf-load,Three.js 加载 GLTF 工程模型,JavaScript,9,0,1,原理实验,C,,,
ch06,WebGL2与Three.js三维渲染基础,把测点挂到坝体上：对象绑定与查找,lst:ch06-bind-assets,bind-assets.js：把对象列表绑定为场景中的可拾取网格,JavaScript,34,1,1,连续案例,C,,,
ch06,GIS服务、坐标与二三维集成,OGC地图与要素服务,lst:ch06-wms-getmap,WMS 1.3.0 GetMap最小请求,HTTP,5,0,0,工程支撑,G,,,
ch06,GIS服务、坐标与二三维集成,OGC地图与要素服务,lst:ch06-wfs-getfeature,WFS GetFeature最小请求,HTTP,5,0,0,工程支撑,G,,,
ch06,GIS服务、坐标与二三维集成,OGC地图与要素服务,lst:ch06-wcs-getcoverage,WCS GetCoverage最小请求,HTTP,4,0,0,工程支撑,G,,,
ch06,GIS服务、坐标与二三维集成,OGC地图与要素服务,lst:ch06-cesium-wmts,Cesium 无商业底图密钥的 WMTS 初始化,JavaScript,21,0,0,原理实验,G,,,
ch06,GIS服务、坐标与二三维集成,OGC地图与要素服务,lst:ch06-geoserver-gridset,GeoServer GWC EPSG:4490 gridset配置要点,YAML,14,1,0,工程支撑,G,,,
ch06,GIS服务、坐标与二三维集成,CGCS2000与投影坐标,lst:ch06-zone-calc,3度带与6度带带号计算,JavaScript,9,1,0,原理实验,C,,,
ch06,GIS服务、坐标与二三维集成,CGCS2000与投影坐标,lst:ch06-proj4-convert,proj4 定义 CGCS2000 与高斯——克吕格转换,JavaScript,11,0,0,原理实验,C,,,
ch06,GIS服务、坐标与二三维集成,高程基准与空间一致性,lst:ch06-height-convert,椭球高到正常高与正高的转换,JavaScript,11,1,0,原理实验,C,,,
ch06,GIS服务、坐标与二三维集成,高程基准与空间一致性,lst:ch06-coordinate-validate,坐标元数据校验与轴序显式化,JavaScript,13,0,0,原理实验,C,,,
ch06,GIS服务、坐标与二三维集成,高程基准与空间一致性,lst:ch06-local-origin,工程坐标与三维局部原点互转,JavaScript,10,0,0,原理实验,C,,,
ch06,GIS服务、坐标与二三维集成,Cesium场景集成,lst:ch06-3dtiles-load,Cesium 加载 3D Tiles 瓦片集,JavaScript,9,0,0,原理实验,E,,,
ch06,倾斜摄影与BIM模型构建,倾斜摄影数据生产,lst:ch06-accuracy-check,检查点平面与高程精度计算及粗差复核,JavaScript,21,0,0,原理实验,E,,,
ch06,数字孪生水利平台架构概览,实时同步与闭环控制,lst:ch06-python-model,数字孪生模型计算接口,Python,17,0,0,原理实验,E,,,
ch06,数字孪生水利平台架构概览,接口与事件契约,lst:ch06-json-contract,模型事件契约示例,JSON,10,0,0,工程支撑,E,,,
ch07,面向可视化的数据准备,时间窗口、降采样与缺测,lst:ch07-lttb,LTTB分桶与最大三角形选择,JavaScript,23,1,0,原理实验,C,,,
ch07,面向可视化的数据准备,实时流、历史回放与时间对齐,lst:ch07-resample-align,按采样周期对齐水位、渗压与雨量记录,JavaScript,33,1,0,连续案例,G,,,
ch07,面向可视化的数据准备,实时流、历史回放与时间对齐,lst:ch07-event-time-window,按事件时间维护带水印的滑动窗口,JavaScript,15,1,0,原理实验,G,,,
ch07,面向可视化的数据准备,数据质量检验、缺测断线与异常处理,lst:ch07-missing-disconnect,质量码驱动的缺测断线与阴影区间,JavaScript,24,1,0,原理实验,G,,,
ch07,面向可视化的数据准备,数据质量检验、缺测断线与异常处理,lst:ch07-quality-check,展示前的质量检验与优先级合并,JavaScript,17,1,0,原理实验,G,,,
ch07,面向可视化的数据准备,多源异构数据的标准化与融合,lst:ch07-standardize-readings,多源测点记录标准化与单位转换,JavaScript,16,1,0,连续案例,E,,,
ch07,图表与实时联动,图表选型与视觉编码,lst:ch07-rain-level-dualaxis,雨量倒挂柱与水位过程线ECharts配置,JavaScript,23,0,0,连续案例,C,,,
ch07,图表与实时联动,可运行的实时曲线,lst:ch07-chart,基于应用状态的实时水位曲线更新,JavaScript,21,1,0,连续案例,G,,,
ch07,图表与实时联动,可运行的实时曲线,lst:ch07-window-options,历史曲线的降采样、缩放与阈值带,JavaScript,18,1,0,原理实验,G,,,
ch07,图表与实时联动,可运行的实时曲线,lst:ch07-append-data,高频尾部数据的appendData与结构切换,JavaScript,17,0,0,原理实验,G,,,
ch07,图表与实时联动,渲染器、性能预算与生命周期,lst:ch07-responsive-dispose,响应式尺寸与ECharts实例销毁,JavaScript,13,1,0,原理实验,E,,,
ch07,图表与实时联动,图表与三维对象的双向联动,lst:ch07-link-controller,ECharts与Three.js对象的双向联动控制器,JavaScript,24,1,0,原理实验,C,,,
ch07,图表与实时联动,图表与三维对象的双向联动,lst:ch07-connect-charts,多图表缩放联动与组标识,JavaScript,10,0,0,原理实验,C,,,
ch07,图表与实时联动,图表与三维对象的双向联动,lst:ch07-long-press,触控长按的定时器与取消,JavaScript,15,0,0,原理实验,C,,,
ch07,图表与实时联动,专题地图的表达方式,lst:ch07-thematic-layer,专题地图图层与站点符号配置,JavaScript,21,1,0,原理实验,E,,,
ch07,图表与实时联动,专题地图的表达方式,lst:ch07-visual-encoding,按任务选择视觉变量,JavaScript,15,1,0,原理实验,E,,,
ch07,图表与实时联动,色彩体系与可读性,lst:ch07-warning-palette,预警等级与质量状态的双维度色彩配置,JavaScript,18,1,0,连续案例,E,,,
ch07,图表与实时联动,色彩体系与可读性,lst:ch07-aria-accessible,ECharts图表的无障碍与替代文本配置,JavaScript,16,0,0,原理实验,E,,,
ch07,三维场景中的监测点绘制,坐标转换与局部原点,lst:ch07-coordinate-transform,坐标与单位转换,JavaScript,12,0,0,原理实验,G,,,
ch07,三维场景中的监测点绘制,坐标转换与局部原点,lst:ch07-strip-zone-prefix,剥离国内测绘成果的带号前缀,JavaScript,11,0,0,原理实验,G,,,
ch07,三维场景中的监测点绘制,坐标转换与局部原点,lst:ch07-displacement-vector,按北起顺时针方位角生成位移箭头向量,JavaScript,9,0,0,原理实验,G,,,
ch07,三维场景中的监测点绘制,状态编码、LOD与聚合,lst:ch07-world-radius,按相机距离换算聚合与拾取世界半径,JavaScript,11,0,0,原理实验,E,,,
ch07,监测点互动与拾取技术,射线拾取与安全的向量运算,lst:ch07-point-picker,PointPicker：射线拾取器,JavaScript,17,0,0,原理实验,C,,,
ch07,监测点互动与拾取技术,射线拾取与安全的向量运算,lst:ch07-triangle-intersect,"M\""oller--Trumbore 三角形求交",JavaScript,18,0,0,原理实验,C,,,
ch07,监测点互动与拾取技术,触控半径与世界单位,lst:ch07-pixels-to-world,屏幕像素到世界长度的换算,JavaScript,7,0,0,原理实验,E,,,
ch08,总体架构与三维场景设计,场景组织、材质与交互,lst:ch08-glsl,水面波动着色器,GLSL,9,0,0,原理实验,G,,,
ch08,总体架构与三维场景设计,场景组织、材质与交互,lst:ch08-monitoring-sfc,测点筛选、ECharts 曲线与三维定位联动组件,Vue,102,1,1,连续案例,G,,,
ch08,数据模型、前端展示与后端处理,关系模型、空间索引与时序分区,lst:ch08-sql-asset,空间对象表与空间索引 DDL,SQL,22,2,0,原理实验,G,,,
ch08,数据模型、前端展示与后端处理,关系模型、空间索引与时序分区,lst:ch08-sql-reading,时序观测表、分区与连续聚合 DDL,SQL,51,2,0,连续案例,G,,,
ch08,数据模型、前端展示与后端处理,关系模型、空间索引与时序分区,lst:ch08-sql-workflow,预警、工单与模型运行表 DDL,SQL,57,1,0,连续案例,G,,,
ch08,数据模型、前端展示与后端处理,数据库迁移、查询与运行维护练习,lst:ch08-sql-migration,可重复执行的迁移版本记录,SQL,13,1,0,原理实验,G,,,
ch08,数据模型、前端展示与后端处理,数据库迁移、查询与运行维护练习,lst:ch08-sql-asset-list,按类型和状态读取测点清单,SQL,10,1,0,连续案例,G,,,
ch08,数据模型、前端展示与后端处理,数据库迁移、查询与运行维护练习,lst:ch08-sql-spatial-query,影响区内测点的空间查询,SQL,11,1,0,连续案例,G,,,
ch08,数据模型、前端展示与后端处理,数据库迁移、查询与运行维护练习,lst:ch08-sql-recent-reading,按时间窗读取有效观测,SQL,7,1,0,连续案例,G,,,
ch08,数据模型、前端展示与后端处理,数据库迁移、查询与运行维护练习,lst:ch08-sql-quality-count,质量码分布统计查询,SQL,9,1,0,原理实验,G,,,
ch08,数据模型、前端展示与后端处理,数据库迁移、查询与运行维护练习,lst:ch08-sql-idempotent-insert,基于事件 ID 的幂等写入,SQL,5,2,0,原理实验,G,,,
ch08,数据模型、前端展示与后端处理,数据库迁移、查询与运行维护练习,lst:ch08-sql-warning-queue,待处理预警队列查询,SQL,9,2,0,连续案例,G,,,
ch08,数据模型、前端展示与后端处理,数据库迁移、查询与运行维护练习,lst:ch08-sql-due-work-order,即将到期工单查询,SQL,7,1,0,连续案例,G,,,
ch08,数据模型、前端展示与后端处理,数据库迁移、查询与运行维护练习,lst:ch08-sql-model-audit,模型运行审计查询,SQL,7,1,0,原理实验,G,,,
ch08,数据模型、前端展示与后端处理,数据库迁移、查询与运行维护练习,lst:ch08-sql-aggregate-query,读取十五分钟连续聚合结果,SQL,6,1,0,原理实验,G,,,
ch08,数据模型、前端展示与后端处理,数据库迁移、查询与运行维护练习,lst:ch08-sql-refresh-aggregate,补传后的连续聚合刷新,SQL,6,1,0,原理实验,G,,,
ch08,数据模型、前端展示与后端处理,数据库迁移、查询与运行维护练习,lst:ch08-sql-retention,时序数据保留策略示例,SQL,8,1,0,原理实验,G,,,
ch08,数据模型、前端展示与后端处理,数据库迁移、查询与运行维护练习,lst:ch08-sql-compression,按时间块配置时序压缩,SQL,9,1,0,原理实验,G,,,
ch08,数据模型、前端展示与后端处理,数据库迁移、查询与运行维护练习,lst:ch08-sql-warning-ack,带状态条件的预警确认,SQL,5,1,0,连续案例,G,,,
ch08,数据模型、前端展示与后端处理,数据库迁移、查询与运行维护练习,lst:ch08-sql-work-order-close,工单完成与回执写入,SQL,7,1,0,连续案例,G,,,
ch08,数据模型、前端展示与后端处理,数据库迁移、查询与运行维护练习,lst:ch08-sql-health-check,核心表健康检查,SQL,8,1,0,原理实验,G,,,
ch08,数据模型、前端展示与后端处理,数据库迁移、查询与运行维护练习,lst:ch08-sql-backup-scope,备份快照登记,SQL,10,1,0,原理实验,G,,,
ch08,数据模型、前端展示与后端处理,数据库迁移、查询与运行维护练习,lst:ch08-sql-role-view,面向报表角色的最小视图,SQL,7,1,0,原理实验,G,,,
ch08,数据模型、前端展示与后端处理,数据库迁移、查询与运行维护练习,lst:ch08-sql-revision-audit,观测修订审计登记,SQL,11,1,0,连续案例,G,,,
ch08,数据模型、前端展示与后端处理,数据库迁移、查询与运行维护练习,lst:ch08-sql-observability,数据库容量与新鲜度观察,SQL,7,1,0,原理实验,G,,,
ch08,数据模型、前端展示与后端处理,数据库迁移、查询与运行维护练习,lst:ch08-sql-trace-event,按事件标识追溯业务闭环,SQL,10,1,0,原理实验,G,,,
ch08,数据模型、前端展示与后端处理,Vue前端页面组织,lst:ch08-frontend-api,监测主线 API 层,JavaScript,29,1,1,原理实验,G,,,
ch08,数据模型、前端展示与后端处理,Vue前端页面组织,lst:ch08-monitoring-store,Pinia 监测状态仓库,JavaScript,64,1,1,原理实验,G,,,
ch08,数据模型、前端展示与后端处理,Vue前端页面组织,lst:ch08-monitoring-router,监测页面路由与角色守卫,JavaScript,34,1,1,原理实验,G,,,
ch08,数据模型、前端展示与后端处理,Vue前端页面组织,lst:ch08-scene-bridge,三维场景测点定位桥接,JavaScript,36,1,1,连续案例,G,,,
ch08,数据模型、前端展示与后端处理,Vue前端页面组织,lst:ch08-frontend-entry,Vue 应用入口与场景桥接注入,JavaScript,13,1,1,原理实验,G,,,
ch08,数据模型、前端展示与后端处理,Spring Boot后端与数据质量,lst:ch08-quality-java,质量检查服务实现,Java,144,1,1,原理实验,G,,,
ch08,数据模型、前端展示与后端处理,监测主线后端实现,lst:ch08-entity-asset,AssetEntity 空间对象实体,Java,61,1,1,连续案例,G,,,
ch08,数据模型、前端展示与后端处理,监测主线后端实现,lst:ch08-entity-reading,ReadingEntity 与复合主键,Java,80,1,1,连续案例,G,,,
ch08,数据模型、前端展示与后端处理,监测主线后端实现,lst:ch08-entity-workflow,Warning、WorkOrder 与 ModelRun 实体,Java,113,1,1,原理实验,G,,,
ch08,数据模型、前端展示与后端处理,监测主线后端实现,lst:ch08-repository,监测主线 Repository 接口,Java,58,2,1,原理实验,G,,,
ch08,数据模型、前端展示与后端处理,监测主线后端实现,lst:ch08-service,监测主线事务服务,Java,58,1,1,原理实验,G,,,
ch08,数据模型、前端展示与后端处理,监测主线后端实现,lst:ch08-controller,监测主线 REST Controller 与 DTO,Java,62,1,1,原理实验,G,,,
ch08,数据模型、前端展示与后端处理,监测主线后端实现,lst:ch08-workorder-chain,工单创建与完成的后端链,Java,80,2,1,连续案例,G,,,
ch08,数据模型、前端展示与后端处理,监测主线后端实现,lst:ch08-kafka-consumer,Kafka 观测事件消费与幂等写入,Java,55,2,1,连续案例,G,,,
ch08,智能分析、预警与业务闭环,蓝黄橙红四级预警,lst:ch08-classification-test,质量码分类测试,Java,43,0,1,原理实验,C,,,
ch08,数字孪生水利平台案例,端到端实现切片与验收脚本,lst:ch08-acceptance-assert,端到端切片的验收断言,Java,82,1,0,原理实验,E,,,
ch08,系统部署、运维与验收,从部署图到可执行编排,lst:ch08-compose,案例水库平台 Docker Compose 编排基线,YAML,13,2,0,工程支撑,C,,,
ch08,系统部署、运维与验收,环境变量、密钥与版本回滚,lst:ch08-env-secrets,环境变量与密钥示例,YAML,8,1,0,工程支撑,C,,,
ch08,系统部署、运维与验收,Nginx 反向代理与静态资源,lst:ch08-nginx,前端静态资源与 Spring Boot API 的 Nginx 配置,Nginx,15,1,0,工程支撑,C,,,
ch08,系统部署、运维与验收,健康检查、告警与容量边界,lst:ch08-alert-rules,监控指标与告警规则基线,YAML,20,1,0,工程支撑,C,,,
ch08,系统部署、运维与验收,备份、恢复与演练记录,lst:ch08-backup-rehearsal,备份恢复演练与健康检查清单,YAML,7,1,0,工程支撑,C,,,
