chapter,level,section,title,chars_total,chars_own,listings,figures,tables,equations,layer,note
preface,section,,为什么写这本书,234,234,0,0,0,0,C,
preface,section,,这本书讲什么,426,426,0,0,0,0,C,
preface,section,,怎么使用这本书,336,336,0,0,0,0,C,
preface,section,,推荐教学组织方式,939,939,0,0,3,0,C,
preface,section,,贯穿案例卡,446,446,0,0,1,0,C,
preface,section,,配套资源,1279,1279,0,0,2,0,C,
preface,section,,适用对象,176,176,0,0,0,0,C,
preface,section,,致谢,224,224,0,0,0,0,C,
ch01,section,,智慧水利的概念与发展,10,10,0,0,0,0,C,
ch01,subsection,智慧水利的概念与发展,定义、边界与基本特征,603,603,0,0,1,0,C,
ch01,subsection,智慧水利的概念与发展,政策主线与建设方向,429,429,0,0,0,0,C,
ch01,subsection,智慧水利的概念与发展,感知、通信与数据交换,344,344,0,0,1,0,E,
ch01,subsection,智慧水利的概念与发展,发展脉络：从信息化到数字孪生,856,856,0,1,0,0,E,
ch01,subsection,智慧水利的概念与发展,政策体系的阅读方法,787,787,0,0,1,0,E,
ch01,subsection,智慧水利的概念与发展,国内外建设路径对照,1244,1244,0,0,0,0,E,
ch01,subsection,智慧水利的概念与发展,智能能力的技术选型与安全边界,218,218,0,0,0,0,E,
ch01,subsection,智慧水利的概念与发展,贯穿场景：一次洪水预警如何形成闭环,505,505,0,1,0,0,C,
ch01,section,,智慧水利平台架构体系,10,10,0,0,0,0,C,
ch01,subsection,智慧水利平台架构体系,四层架构与双向链路,244,244,0,1,0,0,C,
ch01,subsection,智慧水利平台架构体系,平台形态与能力边界,1148,1148,0,1,1,0,C,
ch01,subsection,智慧水利平台架构体系,典型子系统与业务实例,1874,1874,0,0,0,0,C,
ch01,subsection,智慧水利平台架构体系,架构设计原则,2277,2277,0,0,2,0,C,
ch01,section,,软件工程方法概述,8,8,0,0,0,0,C,
ch01,subsection,软件工程方法概述,软件及其工程特征,264,264,0,0,0,0,C,
ch01,subsection,软件工程方法概述,生命周期与核心活动,771,771,0,1,0,0,C,
ch01,subsection,软件工程方法概述,软件工程对智慧水利开发的作用,215,215,0,0,0,0,C,
ch01,section,,小结,441,441,0,0,0,0,-,
ch01,section,,核心术语表,263,263,0,0,0,0,-,
ch01,section,,章末交付物,68,68,0,0,0,0,-,
ch01,section,,思考题与练习题,329,329,0,0,0,0,-,
ch02,section,,软件生命周期,54,54,0,0,0,0,C,
ch02,subsection,软件生命周期,需求与规划阶段,86,86,0,0,0,0,C,
ch02,subsection,软件生命周期,架构与详细设计阶段,83,83,0,0,0,0,C,
ch02,subsection,软件生命周期,实现、集成与验证阶段,106,106,0,0,0,0,C,
ch02,subsection,软件生命周期,部署、运行与维护阶段,88,88,0,0,0,0,C,
ch02,subsection,软件生命周期,退役与数据处置阶段,353,353,0,0,1,0,E,
ch02,section,,软件生命周期模型与选型,56,56,0,0,0,0,C,
ch02,subsection,软件生命周期模型与选型,瀑布模型,144,144,0,1,0,0,C,
ch02,subsection,软件生命周期模型与选型,原型模型,172,172,0,1,0,0,C,
ch02,subsection,软件生命周期模型与选型,迭代与增量模型,158,158,0,1,0,0,C,
ch02,subsection,软件生命周期模型与选型,螺旋模型,763,763,0,1,0,0,E,
ch02,subsection,软件生命周期模型与选型,敏捷与迭代交付,337,337,0,0,0,0,C,
ch02,subsection,软件生命周期模型与选型,Scrum与看板的落地,600,600,0,0,0,0,E,
ch02,subsection,软件生命周期模型与选型,DevOps与持续交付,478,478,0,1,0,0,E,
ch02,subsection,软件生命周期模型与选型,其他模型的适用边界,196,196,0,0,0,0,E,
ch02,subsection,软件生命周期模型与选型,模型选择,1835,1835,0,0,2,0,G,
ch02,section,,需求获取与理解,52,52,0,0,0,0,C,
ch02,subsection,需求获取与理解,干系方与业务场景,185,185,0,0,0,0,C,
ch02,subsection,需求获取与理解,需求获取方法,176,176,0,0,0,0,C,
ch02,subsection,需求获取与理解,需求获取方法的组合与陷阱,1319,1319,0,1,1,0,G,
ch02,subsection,需求获取与理解,需求分类与优先级,348,348,0,0,1,0,C,
ch02,subsection,需求获取与理解,用例规约与用户故事,1176,1176,0,0,1,0,C,
ch02,subsection,需求获取与理解,非功能需求的分类与量化,1090,1090,0,0,1,0,C,
ch02,section,,需求分析的任务与原则,37,37,0,0,0,0,C,
ch02,subsection,需求分析的任务与原则,核心任务,234,234,0,0,0,0,C,
ch02,subsection,需求分析的任务与原则,基本原则,143,143,0,0,0,0,C,
ch02,subsection,需求分析的任务与原则,需求验证与冲突处理,825,825,0,0,1,0,C,
ch02,section,,结构化分析,89,89,0,0,0,0,C,
ch02,subsection,结构化分析,系统流程图,421,421,0,1,0,0,C,
ch02,subsection,结构化分析,数据流图,620,620,0,3,0,0,C,
ch02,subsection,结构化分析,数据字典,498,498,0,0,0,0,C,
ch02,subsection,结构化分析,实体关系与规范化,776,776,0,1,1,0,C,
ch02,subsection,结构化分析,状态转换图与判定树,298,298,0,1,0,0,G,
ch02,subsection,结构化分析,决策表,360,360,0,1,1,0,G,
ch02,subsection,结构化分析,结构化分析的交叉校验,2035,2035,0,0,0,0,G,
ch02,section,,软件需求规格说明与验收,718,718,0,0,1,0,C,
ch02,subsection,软件需求规格说明与验收,需求评审检查单,1103,1103,0,0,1,0,G,
ch02,subsection,软件需求规格说明与验收,需求变更控制流程,2703,2703,0,1,1,0,E,
ch02,subsection,软件需求规格说明与验收,从灌区回到水库：方法迁移,430,430,0,0,0,0,C,
ch02,section,,小结,478,478,0,0,0,0,-,
ch02,section,,章末交付物,59,59,0,0,0,0,-,
ch02,section,,思考题与练习题,314,314,0,0,0,0,-,
ch03,section,,软件架构概述,6,6,0,0,0,0,C,
ch03,subsection,软件架构概述,软件架构的定义与重要性,1973,1973,0,0,3,0,G,
ch03,subsection,软件架构概述,架构描述方法,132,132,0,0,0,0,C,
ch03,subsubsection,软件架构概述,UML视图,3958,3958,0,5,1,0,C,
ch03,subsubsection,软件架构概述,架构决策的核心要素,891,891,0,0,0,0,C,
ch03,subsection,软件架构概述,架构决策记录（ADR）,647,647,0,0,0,0,G,
ch03,section,,架构设计原则,114,114,0,0,0,0,C,
ch03,subsection,架构设计原则,模块化与关注点分离原则,95,95,0,0,0,0,C,
ch03,subsubsection,架构设计原则,模块化的定义与目标,421,421,0,0,0,0,C,
ch03,subsubsection,架构设计原则,关注点分离（Separation of Concerns）,344,344,0,0,0,0,C,
ch03,subsubsection,架构设计原则,内聚性（Cohesion）,525,525,0,0,0,0,C,
ch03,subsubsection,架构设计原则,耦合性（Coupling）,539,539,0,0,0,0,C,
ch03,subsubsection,架构设计原则,平衡内聚与耦合,434,434,0,0,0,0,C,
ch03,subsubsection,架构设计原则,实践步骤,441,441,0,0,0,0,C,
ch03,subsection,架构设计原则,抽象与信息隐藏原则,69,69,0,0,0,0,C,
ch03,subsubsection,架构设计原则,抽象的定义与作用,469,469,0,0,0,0,C,
ch03,subsubsection,架构设计原则,抽象层次的一种划分示例,420,420,0,0,0,0,C,
ch03,subsubsection,架构设计原则,信息隐藏（Information Hiding）,380,380,0,0,0,0,C,
ch03,subsubsection,架构设计原则,接口封装的实践方法,619,619,6,0,0,0,C,
ch03,subsubsection,架构设计原则,案例分析：水利工程安全监测平台的抽象与封装,363,363,0,0,0,0,G,
ch03,subsection,架构设计原则,功能独立性与复用性原则,454,454,0,0,1,0,C,
ch03,subsubsection,架构设计原则,基于构件的设计原则,1148,1148,0,0,0,0,C,
ch03,subsection,架构设计原则,案例分析：水利工程安全监测平台的监测接入模块,763,763,0,0,0,0,G,
ch03,section,,架构类型与常见模式,9,9,0,0,0,0,C,
ch03,subsection,架构类型与常见模式,常见架构类型,50,50,0,0,0,0,C,
ch03,subsubsection,架构类型与常见模式,分层架构（Layered Architecture）,851,851,0,1,0,0,C,
ch03,subsubsection,架构类型与常见模式,客户/服务器架构（Client-Server Architecture）,710,710,0,0,0,0,C,
ch03,subsubsection,架构类型与常见模式,分布式架构（Distributed Architecture）,1590,1590,0,0,2,0,C,
ch03,subsection,架构类型与常见模式,MVC架构模式,649,649,0,1,0,0,C,
ch03,subsection,架构类型与常见模式,微服务（Microservices）,537,537,0,1,0,0,E,
ch03,subsection,架构类型与常见模式,事件驱动（Event-Driven）,625,625,0,0,0,0,E,
ch03,subsection,架构类型与常见模式,架构风格与模式的选择,321,321,0,0,0,0,C,
ch03,subsection,架构类型与常见模式,单体、模块化单体与微服务：用案例水库的数字做一次决策,624,624,0,0,0,0,E,
ch03,subsection,架构类型与常见模式,Web 形态的特殊考虑,398,398,0,0,0,0,E,
ch03,section,,架构设计过程,6,6,0,0,0,0,C,
ch03,subsection,架构设计过程,系统环境表示,389,389,0,0,0,0,C,
ch03,subsection,架构设计过程,原型定义与细化,1970,1970,0,0,0,0,G,
ch03,subsection,架构设计过程,构件级设计,1684,1684,0,0,0,0,G,
ch03,section,,案例研究：水利工程安全监测平台架构,16,16,0,0,0,0,C,
ch03,subsection,案例研究：水利工程安全监测平台架构,需求分析和用例建模,1577,1577,0,0,0,0,C,
ch03,subsection,案例研究：水利工程安全监测平台架构,构件协作与接口设计,1346,1346,0,0,0,0,G,
ch03,subsection,案例研究：水利工程安全监测平台架构,把设计交给评审：一次架构评审会的组织,659,659,0,0,0,0,G,
ch03,section,,架构评估与ATAM迷你演练,9,9,0,0,0,0,E,
ch03,subsection,架构评估与ATAM迷你演练,评估方法,1162,1162,0,1,1,0,E,
ch03,subsection,架构评估与ATAM迷你演练,复杂度与风险分析,1021,1021,0,0,0,0,E,
ch03,subsection,架构评估与ATAM迷你演练,课堂演练：一次90分钟的迷你ATAM,1253,1253,0,0,0,0,E,
ch03,section,,小结,784,784,0,0,0,0,-,
ch03,section,,章末交付物,125,125,0,0,0,0,-,
ch03,section,,思考题与练习题,509,509,0,0,0,0,-,
ch04,section,,Web基础概念与浏览器架构,293,293,0,1,0,0,C,
ch04,section,,HTML基础与语义化,154,154,1,0,0,0,C,
ch04,subsection,HTML基础与语义化,文档流、渲染流程与页面地标,2867,2867,3,1,0,0,C,
ch04,section,,CSS样式与响应式布局,167,167,1,0,0,0,C,
ch04,subsection,CSS样式与响应式布局,盒模型与尺寸计算,965,965,2,1,1,0,C,
ch04,subsection,CSS样式与响应式布局,单位体系与可伸缩界面,296,296,1,0,0,0,C,
ch04,subsection,CSS样式与响应式布局,定位、层叠上下文与覆盖关系,561,561,1,0,0,0,E,
ch04,subsection,CSS样式与响应式布局,Flexbox：一维的告警工具栏,395,395,1,0,0,0,G,
ch04,subsection,CSS样式与响应式布局,Grid：二维的监测仪表盘,321,321,1,1,0,0,G,
ch04,subsection,CSS样式与响应式布局,响应式断点与大屏适配,551,551,1,1,0,0,G,
ch04,subsection,CSS样式与响应式布局,CSS 变量与暗色主题,531,531,1,0,0,0,E,
ch04,subsection,CSS样式与响应式布局,Flex布局的故障定位与可访问性验收,835,835,1,0,1,0,G,
ch04,section,,JavaScript基础编程,167,167,2,0,0,0,C,
ch04,subsection,JavaScript基础编程,类型、相等性与可预测数据,372,372,1,0,0,0,C,
ch04,subsection,JavaScript基础编程,函数、闭包与数组高阶方法,361,361,1,0,0,0,C,
ch04,subsection,JavaScript基础编程,解构、展开与 ES 模块,333,333,1,0,0,0,C,
ch04,subsection,JavaScript基础编程,DOM 查询、增删改与安全写入,259,259,1,0,0,0,C,
ch04,subsection,JavaScript基础编程,事件对象、捕获与冒泡,355,355,0,1,0,0,C,
ch04,subsection,JavaScript基础编程,事件委托与长列表,474,474,2,0,0,0,G,
ch04,subsection,JavaScript基础编程,异常处理,54,54,1,0,0,0,C,
ch04,section,,数据请求与页面状态,295,295,0,0,0,0,C,
ch04,subsection,数据请求与页面状态,原理：一次请求从发出到页面更新,446,446,3,0,0,0,C,
ch04,subsection,数据请求与页面状态,完整例子：读取对象列表与最新观测,379,379,1,0,1,0,C,
ch04,subsection,数据请求与页面状态,页面的四种状态：加载、空数据、错误与过期,354,354,1,0,1,0,C,
ch04,subsection,数据请求与页面状态,故障单元：切换测点时旧数据覆盖新数据,736,736,1,1,1,0,C,
ch04,subsection,数据请求与页面状态,request.js：JWT、401 与超时的统一入口,281,281,1,0,0,0,G,
ch04,subsection,数据请求与页面状态,Vite 代理与环境变量,412,412,1,0,0,0,G,
ch04,subsection,数据请求与页面状态,登录到受保护接口的前后端联调闭环,1118,1118,1,1,1,0,G,
ch04,subsection,数据请求与页面状态,拓展：认证契约测试与故障复盘,2923,2923,0,0,1,0,E,
ch04,subsection,数据请求与页面状态,拓展：事件循环与任务调度,277,277,1,0,0,0,E,
ch04,subsection,数据请求与页面状态,自测与下一步,266,266,0,0,0,0,C,
ch04,section,,DOM操作与事件处理,222,222,2,0,0,0,C,
ch04,section,,模块化开发与调试技巧,150,150,1,0,0,0,G,
ch04,section,,Vue 3组件化开发,382,382,1,1,0,0,C,
ch04,subsection,Vue 3组件化开发,Vue 3.4 组合式 API 与响应式状态,342,342,1,0,0,0,C,
ch04,subsection,Vue 3组件化开发,模板指令与组件通信,433,433,2,0,0,0,C,
ch04,subsection,Vue 3组件化开发,生命周期与资源清理,330,330,1,1,0,0,G,
ch04,subsection,Vue 3组件化开发,测站列表筛选页：从 SFC 到组件拆分,387,387,2,0,0,0,G,
ch04,subsubsection,Vue 3组件化开发,响应式 API 的选择方法,804,804,0,0,1,0,C,
ch04,subsubsection,Vue 3组件化开发,模板指令的性能与可访问性,449,449,0,0,0,0,C,
ch04,subsubsection,Vue 3组件化开发,组件通信的测试边界,305,305,0,0,0,0,C,
ch04,subsubsection,Vue 3组件化开发,生命周期、竞态与数据刷新,495,495,0,0,0,0,C,
ch04,subsubsection,Vue 3组件化开发,测站筛选页的交付检查,474,474,0,0,0,0,C,
ch04,section,,Vue Router与Pinia应用组织,122,122,0,0,0,0,G,
ch04,subsection,Vue Router与Pinia应用组织,根组件、路由表与登录守卫,723,723,6,0,0,0,G,
ch04,subsection,Vue Router与Pinia应用组织,StationDetail 的动态参数与数据加载,377,377,2,0,0,0,G,
ch04,subsection,Vue Router与Pinia应用组织,路由参数、查询状态与可恢复导航,680,680,0,0,0,0,G,
ch04,subsection,Vue Router与Pinia应用组织,Pinia 状态建模、错误恢复与持久化边界,781,781,1,0,0,0,G,
ch04,section,,Vite工程化与性能优化,1754,1754,4,0,0,0,E,
ch04,section,,小结,370,370,0,0,0,0,-,
ch04,section,,章末交付物,77,77,0,0,0,0,-,
ch04,section,,思考题与练习题,271,271,0,0,0,0,-,
ch05,section,,后端服务与REST接口概述,2663,2663,2,2,1,0,C,
ch05,section,,Spring Boot企业级开发基础,75,75,0,0,0,0,C,
ch05,subsection,Spring Boot企业级开发基础,起步依赖与自动配置的边界,373,373,1,0,0,0,C,
ch05,subsection,Spring Boot企业级开发基础,application.yml 与 Profile 多环境,237,237,1,0,0,0,G,
ch05,subsection,Spring Boot企业级开发基础,依赖注入与 Bean 生命周期,474,474,1,0,0,0,C,
ch05,subsection,Spring Boot企业级开发基础,自动配置诊断与启动契约,577,577,1,0,0,0,G,
ch05,subsection,Spring Boot企业级开发基础,Bean 作用域、代理与资源释放,391,391,0,0,0,0,E,
ch05,subsection,Spring Boot企业级开发基础,工程骨架的测试切片,582,582,3,0,0,0,G,
ch05,section,,Jakarta Persistence与事务管理,5,5,0,0,0,0,C,
ch05,subsection,Jakarta Persistence与事务管理,实体映射与Repository基础,401,401,1,0,0,0,C,
ch05,subsection,Jakarta Persistence与事务管理,关联关系与懒加载边界,273,273,1,0,0,0,G,
ch05,subsection,Jakarta Persistence与事务管理,N+1 查询与 fetch join,503,503,1,0,1,0,E,
ch05,subsection,Jakarta Persistence与事务管理,派生查询、Pageable 与稳定分页,224,224,1,0,0,0,G,
ch05,subsection,Jakarta Persistence与事务管理,乐观锁与审计字段,384,384,1,0,0,0,G,
ch05,subsection,Jakarta Persistence与事务管理,索引设计与 PostgreSQL 迁移,726,726,1,0,0,0,G,
ch05,subsection,Jakarta Persistence与事务管理,查询测试、执行计划与观测,1395,1395,0,0,0,0,E,
ch05,subsection,Jakarta Persistence与事务管理,统计服务中的数值稳定性,235,235,0,0,0,0,E,
ch05,subsection,Jakarta Persistence与事务管理,事务边界与传播,206,206,1,0,0,0,C,
ch05,subsection,Jakarta Persistence与事务管理,事务的 ACID 契约与边界,554,554,0,1,0,0,C,
ch05,subsection,Jakarta Persistence与事务管理,七种传播行为与使用场景,436,436,1,0,0,0,E,
ch05,subsection,Jakarta Persistence与事务管理,隔离级别与并发异常,1210,1210,1,0,0,0,E,
ch05,subsection,Jakarta Persistence与事务管理,只读事务与事件发布闭环,256,256,1,0,0,0,G,
ch05,subsection,Jakarta Persistence与事务管理,统计量更新,119,119,1,0,0,0,E,
ch05,section,,服务层与异常处理,167,167,1,0,0,0,C,
ch05,subsection,服务层与异常处理,读写接口的完整闭环,458,458,3,0,0,0,C,
ch05,subsection,服务层与异常处理,统一错误响应与参数校验,343,343,1,0,0,0,G,
ch05,subsection,服务层与异常处理,三层校验与错误定位,445,445,0,0,0,0,G,
ch05,subsection,服务层与异常处理,HTTP 状态转换与事务语义,511,511,0,0,0,0,E,
ch05,subsection,服务层与异常处理,DTO 契约与单位转换,293,293,0,0,0,0,G,
ch05,subsection,服务层与异常处理,测试矩阵与接口可观测性,985,985,0,0,0,0,E,
ch05,section,,Spring Security 6与JWT,1456,1456,8,2,0,0,G,
ch05,subsection,Spring Security 6与JWT,威胁模型与认证边界,322,322,0,0,0,0,G,
ch05,subsection,Spring Security 6与JWT,密钥生命周期与配置管理,263,263,0,0,0,0,E,
ch05,subsection,Spring Security 6与JWT,密码、账户与登录防护,258,258,0,0,0,0,G,
ch05,subsection,Spring Security 6与JWT,CSRF、CORS 与浏览器存储,379,379,0,0,0,0,E,
ch05,subsection,Spring Security 6与JWT,权限建模与最小授权,246,246,0,0,0,0,G,
ch05,subsection,Spring Security 6与JWT,撤销、重放与故障降级,306,306,0,0,0,0,E,
ch05,subsection,Spring Security 6与JWT,认证链路的可观测性与演练,399,399,0,0,0,0,E,
ch05,subsection,Spring Security 6与JWT,令牌失效与会话迁移,1110,1110,0,0,0,0,E,
ch05,section,,事务事件与消息队列,350,350,2,0,0,0,G,
ch05,subsection,事务事件与消息队列,为什么引入消息队列,418,418,1,0,0,0,C,
ch05,subsection,事务事件与消息队列,生产者、事件模式与发送确认,273,273,1,0,0,0,G,
ch05,subsection,事务事件与消息队列,消费者幂等与去重约束,282,282,1,0,0,0,G,
ch05,subsection,事务事件与消息队列,重试、退避与死信队列,260,260,1,0,0,0,G,
ch05,subsection,事务事件与消息队列,事务发件箱与可靠发布,460,460,1,0,0,0,G,
ch05,subsection,事务事件与消息队列,分区、顺序与消费者组,923,923,0,0,0,0,E,
ch05,section,,性能优化与可观测性,158,158,0,0,0,0,E,
ch05,subsection,性能优化与可观测性,缓存与 Redis 一致性,394,394,1,0,0,0,E,
ch05,subsection,性能优化与可观测性,分页、游标与查询预算,250,250,1,0,0,0,E,
ch05,subsection,性能优化与可观测性,连接池与慢查询定位,366,366,1,0,0,0,E,
ch05,subsection,性能优化与可观测性,Actuator、Micrometer 与结构化日志,675,675,2,0,1,0,E,
ch05,subsection,性能优化与可观测性,性能故障的分层处置,830,830,0,0,0,0,E,
ch05,section,,测试策略与质量门禁,2137,2137,3,0,2,0,G,
ch05,section,,小结,413,413,0,0,0,0,-,
ch05,section,,章末交付物,77,77,0,0,0,0,-,
ch05,section,,思考题与练习题,297,297,0,0,0,0,-,
ch06,section,,WebGL2与Three.js三维渲染基础,7,7,0,0,0,0,C,
ch06,subsection,WebGL2与Three.js三维渲染基础,坐标变换与透视投影,193,193,0,0,0,0,C,
ch06,subsection,WebGL2与Three.js三维渲染基础,WebGL2渲染管线,1371,1371,7,2,0,0,E,
ch06,subsection,WebGL2与Three.js三维渲染基础,Three.js场景组织与模型加载,171,171,1,0,0,0,C,
ch06,section,,GIS服务、坐标与二三维集成,10,10,0,0,0,0,C,
ch06,subsection,GIS服务、坐标与二三维集成,OGC地图与要素服务,3253,3253,5,0,1,0,G,
ch06,subsection,GIS服务、坐标与二三维集成,CGCS2000与投影坐标,615,615,2,1,1,0,C,
ch06,subsection,GIS服务、坐标与二三维集成,高程基准与空间一致性,3895,3895,3,0,0,0,C,
ch06,subsection,GIS服务、坐标与二三维集成,Cesium场景集成,82,82,1,0,0,0,E,
ch06,section,,倾斜摄影与BIM模型构建,9,9,0,0,0,0,C,
ch06,subsection,倾斜摄影与BIM模型构建,倾斜摄影数据生产,3835,3835,1,3,1,4,E,
ch06,subsection,倾斜摄影与BIM模型构建,BIM语义与IFC 4.3,1258,1258,0,0,1,0,E,
ch06,subsection,倾斜摄影与BIM模型构建,多源模型融合与发布,171,171,0,0,0,0,E,
ch06,section,,数字孪生水利平台架构概览,12,12,0,0,0,0,E,
ch06,subsection,数字孪生水利平台架构概览,概念边界与五维组织,568,568,0,1,1,0,E,
ch06,subsection,数字孪生水利平台架构概览,分层技术架构,284,284,0,1,0,0,E,
ch06,subsection,数字孪生水利平台架构概览,跨层契约与架构演进,2590,2590,0,0,0,0,E,
ch06,subsection,数字孪生水利平台架构概览,业务场景与需求分解,605,605,0,0,1,0,E,
ch06,subsection,数字孪生水利平台架构概览,数据底板与模型平台,395,395,0,0,1,0,E,
ch06,subsection,数字孪生水利平台架构概览,模型卡与可信度管理,689,689,0,0,1,0,E,
ch06,subsection,数字孪生水利平台架构概览,事件时间、状态估计与质量码,849,849,0,0,1,0,E,
ch06,subsection,数字孪生水利平台架构概览,三维交互与决策证据链,625,625,0,1,0,0,E,
ch06,subsection,数字孪生水利平台架构概览,实时同步与闭环控制,247,247,1,1,0,0,E,
ch06,subsection,数字孪生水利平台架构概览,接口与事件契约,511,511,1,1,0,0,E,
ch06,subsection,数字孪生水利平台架构概览,大坝安全监测场景,406,406,0,0,1,0,E,
ch06,subsection,数字孪生水利平台架构概览,流域预报调度场景,907,907,0,0,1,0,E,
ch06,subsection,数字孪生水利平台架构概览,云边协同与部署,273,273,0,1,0,0,E,
ch06,subsection,数字孪生水利平台架构概览,安全、权限与失效降级,628,628,0,0,1,0,E,
ch06,subsection,数字孪生水利平台架构概览,可观测性、数据血缘与运行值守,1124,1124,0,1,1,0,E,
ch06,subsection,数字孪生水利平台架构概览,验证、验收与持续改进,411,411,0,0,1,0,E,
ch06,subsection,数字孪生水利平台架构概览,课程项目实施路线,575,575,0,0,1,0,E,
ch06,subsection,数字孪生水利平台架构概览,发展重点,529,529,0,0,0,0,E,
ch06,section,,小结,429,429,0,0,0,0,-,
ch06,section,,章末交付物,81,81,0,0,0,0,-,
ch06,section,,思考题与练习题,497,497,0,0,0,0,-,
ch07,section,,面向可视化的数据准备,10,10,0,0,0,0,C,
ch07,subsection,面向可视化的数据准备,从观测记录到视觉变量,575,575,0,1,1,0,C,
ch07,subsection,面向可视化的数据准备,时间窗口、降采样与缺测,442,442,1,1,0,0,C,
ch07,subsection,面向可视化的数据准备,实时流、历史回放与时间对齐,1296,1296,2,0,1,0,G,
ch07,subsection,面向可视化的数据准备,数据质量检验、缺测断线与异常处理,1250,1250,2,0,0,0,G,
ch07,subsection,面向可视化的数据准备,多源异构数据的标准化与融合,592,592,1,1,0,0,E,
ch07,subsection,面向可视化的数据准备,案例的数据视图契约,238,238,0,0,1,0,C,
ch07,section,,图表与实时联动,7,7,0,0,0,0,C,
ch07,subsection,图表与实时联动,图表选型与视觉编码,1852,1852,1,2,1,0,C,
ch07,subsection,图表与实时联动,可运行的实时曲线,857,857,3,0,1,0,G,
ch07,subsection,图表与实时联动,渲染器、性能预算与生命周期,475,475,1,1,0,0,E,
ch07,subsection,图表与实时联动,图表与三维对象的双向联动,2574,2574,3,0,0,0,C,
ch07,subsection,图表与实时联动,响应式与异常状态,170,170,0,0,0,0,C,
ch07,subsection,图表与实时联动,专题地图的表达方式,703,703,2,1,0,0,E,
ch07,subsection,图表与实时联动,色彩体系与可读性,4232,4232,2,1,1,0,E,
ch07,section,,三维场景中的监测点绘制,11,11,0,0,0,0,C,
ch07,subsection,三维场景中的监测点绘制,坐标转换与局部原点,1062,1062,3,0,1,0,G,
ch07,subsection,三维场景中的监测点绘制,状态编码、LOD与聚合,866,866,1,1,0,0,E,
ch07,subsection,三维场景中的监测点绘制,状态变化与渲染更新,149,149,0,0,0,0,C,
ch07,section,,监测点互动与拾取技术,10,10,0,0,0,0,C,
ch07,subsection,监测点互动与拾取技术,射线拾取与安全的向量运算,707,707,2,1,0,0,C,
ch07,subsection,监测点互动与拾取技术,触控半径与世界单位,1373,1373,1,0,0,0,E,
ch07,subsection,监测点互动与拾取技术,信息面板与渐进披露,179,179,0,0,0,0,C,
ch07,subsection,监测点互动与拾取技术,案例联调与验收,210,210,0,0,0,0,G,
ch07,section,,小结,403,403,0,0,0,0,-,
ch07,section,,章末交付物,131,131,0,0,0,0,-,
ch07,section,,思考题与练习题,473,473,0,0,0,0,-,
ch08,section,,需求分析与业务闭环,9,9,0,0,0,0,C,
ch08,subsection,需求分析与业务闭环,案例边界与工程参数,488,488,0,0,1,0,C,
ch08,subsection,需求分析与业务闭环,角色、用例与权限边界,1011,1011,0,0,3,0,C,
ch08,subsection,需求分析与业务闭环,端到端业务闭环,215,215,0,1,0,0,C,
ch08,section,,总体架构与三维场景设计,11,11,0,0,0,0,C,
ch08,subsection,总体架构与三维场景设计,统一技术栈与分层架构,241,241,0,1,0,0,C,
ch08,subsection,总体架构与三维场景设计,Three.js主线与Cesium扩展,286,286,0,0,1,0,E,
ch08,subsection,总体架构与三维场景设计,场景组织、材质与交互,293,293,2,0,0,0,G,
ch08,section,,数据模型、前端展示与后端处理,13,13,0,0,0,0,C,
ch08,subsection,数据模型、前端展示与后端处理,数据模型与事件契约,242,242,0,0,1,0,C,
ch08,subsection,数据模型、前端展示与后端处理,关系模型、空间索引与时序分区,2971,2971,3,1,1,0,G,
ch08,subsection,数据模型、前端展示与后端处理,数据库迁移、查询与运行维护练习,2271,2271,21,0,0,0,G,
ch08,subsection,数据模型、前端展示与后端处理,从业务约束到物理设计的推导,4832,4832,0,1,0,0,E,
ch08,subsection,数据模型、前端展示与后端处理,Vue前端页面组织,3166,3166,5,0,0,0,G,
ch08,subsection,数据模型、前端展示与后端处理,Spring Boot后端与数据质量,331,331,1,0,0,0,G,
ch08,subsection,数据模型、前端展示与后端处理,监测主线后端实现,3474,3474,8,0,0,0,G,
ch08,subsection,数据模型、前端展示与后端处理,存储、缓存与一致性,212,212,0,0,0,0,E,
ch08,section,,智能分析、预警与业务闭环,11,11,0,0,0,0,C,
ch08,subsection,智能分析、预警与业务闭环,蓝黄橙红四级预警,990,990,1,0,2,0,C,
ch08,subsection,智能分析、预警与业务闭环,从预警到工单与复盘,190,190,0,1,0,0,G,
ch08,subsection,智能分析、预警与业务闭环,模型可信度与人在回路,587,587,0,0,1,0,E,
ch08,subsubsection,智能分析、预警与业务闭环,闸门公式的代入与反算边界,303,303,0,0,0,0,C,
ch08,subsubsection,智能分析、预警与业务闭环,计算题一：目标泄流的开度组合,282,282,0,0,0,0,C,
ch08,subsubsection,智能分析、预警与业务闭环,计算题二：水量平衡闭合差,246,246,0,0,0,0,C,
ch08,subsubsection,智能分析、预警与业务闭环,水位包络、预警分级与参数一致性,177,177,0,0,0,0,C,
ch08,subsubsection,智能分析、预警与业务闭环,参数驱动的测试与审计,899,899,0,0,0,0,C,
ch08,section,,数字孪生水利平台案例,158,158,0,0,0,0,E,
ch08,subsection,数字孪生水利平台案例,案例来源、边界与建设目标,958,958,0,2,1,0,E,
ch08,subsection,数字孪生水利平台案例,防台防洪预演的输入与输出,726,726,0,2,1,0,E,
ch08,subsection,数字孪生水利平台案例,淹没影响、疏散路线与证据链,632,632,0,2,1,0,E,
ch08,subsection,数字孪生水利平台案例,数字孪生水库矩阵与“四预”,1284,1284,0,2,1,0,E,
ch08,subsection,数字孪生水利平台案例,闸门调度正算、反算与方案约束,839,839,0,2,1,0,E,
ch08,subsection,数字孪生水利平台案例,预警方案预演与角色协同,350,350,0,0,1,0,E,
ch08,subsection,数字孪生水利平台案例,AI助手驱动的调度会商,456,456,0,1,1,0,E,
ch08,subsection,数字孪生水利平台案例,底板与算法解耦、权限与模拟标注,449,449,0,1,0,0,E,
ch08,subsection,数字孪生水利平台案例,对象编码、时空基线与孪生状态,760,760,0,1,1,0,E,
ch08,subsection,数字孪生水利平台案例,模型任务编排与运行生命周期,611,611,0,1,0,0,E,
ch08,subsection,数字孪生水利平台案例,数字孪生水网的供需平衡与联合调度,1011,1011,0,2,1,0,E,
ch08,subsection,数字孪生水利平台案例,场景版本、方案比较与不确定性表达,828,828,0,1,1,0,E,
ch08,subsection,数字孪生水利平台案例,端到端实现切片与验收脚本,770,770,1,0,1,0,E,
ch08,subsection,数字孪生水利平台案例,会商时间线、值守交接与复盘,722,722,0,1,1,0,E,
ch08,subsection,数字孪生水利平台案例,失效降级、验收与课程实现,928,928,0,0,2,0,E,
ch08,section,,系统部署、运维与验收,9,9,0,0,0,0,C,
ch08,subsection,系统部署、运维与验收,部署架构与环境一致性,242,242,0,1,0,0,G,
ch08,subsubsection,系统部署、运维与验收,从部署图到可执行编排,349,349,1,0,0,0,C,
ch08,subsubsection,系统部署、运维与验收,环境变量、密钥与版本回滚,197,197,1,0,0,0,C,
ch08,subsubsection,系统部署、运维与验收,Nginx 反向代理与静态资源,167,167,1,0,0,0,C,
ch08,subsubsection,系统部署、运维与验收,健康检查、告警与容量边界,377,377,1,0,0,0,C,
ch08,subsubsection,系统部署、运维与验收,备份、恢复与演练记录,1871,1871,1,0,0,0,C,
ch08,subsection,系统部署、运维与验收,可观测性、备份与恢复,345,345,0,1,0,0,G,
ch08,subsection,系统部署、运维与验收,阶段验收,472,472,0,0,1,0,G,
ch08,section,,小结,408,408,0,0,0,0,-,
ch08,section,,章末交付物,142,142,0,0,0,0,-,
ch08,section,,思考题与练习题,477,477,0,0,0,0,-,
ch09,section,,全书回顾,732,732,0,0,0,0,C,
ch09,section,,技术发展趋势与展望,107,107,0,0,0,0,E,
ch09,subsection,技术发展趋势与展望,政策与建设背景,398,398,0,0,0,0,E,
ch09,subsection,技术发展趋势与展望,教材主线之外的延伸方向,49,49,0,0,0,0,E,
ch09,subsubsection,技术发展趋势与展望,人工智能与知识服务,155,155,0,0,0,0,E,
ch09,subsubsection,技术发展趋势与展望,感知网络与低功耗广域接入,201,201,0,0,0,0,E,
ch09,subsubsection,技术发展趋势与展望,空间数据互操作与开放标准,152,152,0,0,0,0,E,
ch09,subsubsection,技术发展趋势与展望,从开发平台到运行体系,139,139,0,0,0,0,E,
ch09,subsection,技术发展趋势与展望,如何判断一项新技术是否值得投入,416,416,0,0,0,0,E,
ch09,section,,对读者的建议与后续学习指引,62,62,0,0,0,0,C,
ch09,subsection,对读者的建议与后续学习指引,学习与实践策略,360,360,0,0,0,0,C,
ch09,subsection,对读者的建议与后续学习指引,面向前沿技术的持续学习,599,599,0,0,1,0,E,
ch09,subsection,对读者的建议与后续学习指引,行业追踪与信息渠道,401,401,0,0,0,0,E,
ch09,subsection,对读者的建议与后续学习指引,跨学科知识补充,149,149,0,0,0,0,E,
ch09,section,,小结,440,440,0,0,0,0,-,
ch09,section,,思考题与练习题,350,350,0,0,0,0,-,
ch09,section,,章末交付物：课程总结报告,869,869,0,0,0,0,-,
